Title,Title_URL,Image,Tag,resultbox_totalrate,Address,resultbox_overall,Keywords,resultbox_amenities,Comment,blue_whitefill_animate,resultbox_btnbox,Number
 Travelvava Pvt Ltd ,https://www.justdial.com/Bangalore/Travelvava-Pvt-Ltd-Near-Bharat-Petrol-Pump-Goodshepherd-Church-Halasuru/080PXX80-XX80-230331163007-D2T7_BZDET?ncatid=10966943&area=&search=%20International%20Travel%20Agents%20in%20Bangalore&mncatname=International%20Travel%20Agents&abd_btn=&abd_heading=,https://content.jdmagicbox.com/comp/def_content/tours-and-travels-ticketing-agents/4-tours-and-travels-ticketing-agents-4-mkls6-250.jpg?w=3840&q=75,Most searched,5.0,Murphy Road Halasuru,2 Ratings,"Car Rental
Car Rental For Outstation",Car Rental,,Send Enquiry, 938 people recently enquired,07947203788
 Airone Holidays ,https://www.justdial.com/Bangalore/Airone-Holidays-Above-ICICI-Bank-Mathikere/080PXX80-XX80-181031122643-K5M7_BZDET?ncatid=10966943&area=&search=%20International%20Travel%20Agents%20in%20Bangalore&mncatname=International%20Travel%20Agents&abd_btn=&abd_heading=,https://content.jdmagicbox.com/comp/bangalore/m7/080pxx80.xx80.181031122643.k5m7/catalogue/airone-holidays-mathikere-bangalore-international-tour-operators-sqbbngkwy2-250.jpg?clr=#1d491d?w=3840&q=75,Quick Response,4.7,MSRE Road Mathikere,120 Ratings,School and College Trips Organizer,School and College Trips Organizer,It was well organised and there was good coordination from the local agent. Only issue was with Hotels. Pattaya hotel service was pathetic and they didn`t even provide a ...more,Send Enquiry, 308 people recently enquired,07947161050
 SKYVOYAGE ,https://www.justdial.com/Bangalore/SKYVOYAGE-Dayananda-College-Of-Arts-Commerce-Minhaj-Nagar/080PXX80-XX80-220407164331-D3S2_BZDET?ncatid=10966943&area=&search=%20International%20Travel%20Agents%20in%20Bangalore&mncatname=International%20Travel%20Agents&abd_btn=&abd_heading=,https://content.jdmagicbox.com/comp/bangalore/s2/080pxx80.xx80.220407164331.d3s2/catalogue/skyvoyage-minhaj-nagar-bangalore-travel-agents-40l0c0j6i0-250.jpg?w=3840&q=75,Trending,4.8,1st Cross Minhaj Nagar,4 Ratings,"Travel Agents
Car Rental",Travel Agents,"Travels exceeded all my expectations! Their attention to detail was impressive, and the itinerary was perfectly curated. The tour guides were knowledgeable and engaging, ...more",Send Enquiry, 343 people recently enquired,07947359861
 Xplor World Wide Pvt Ltd ,https://www.justdial.com/Bangalore/Xplor-World-Wide-Pvt-Ltd-Near-Balanjaneya-Temple-Rmv-Extension-2nd-Stage/080PXX80-XX80-150102125051-M6A3_BZDET?ncatid=10966943&area=&search=%20International%20Travel%20Agents%20in%20Bangalore&mncatname=International%20Travel%20Agents&abd_btn=&abd_heading=,https://content.jdmagicbox.com/comp/bangalore/a3/080pxx80.xx80.150102125051.m6a3/catalogue/xplor-world-wide-pvt-ltd-rmv-extension-2nd-stage-bangalore-international-air-ticketing-agents-iwijx-250.jpg?w=3840&q=75,Trending,4.6,New Rmv Extension 2nd Stage,245 Ratings,Hotel Bookings,Hotel Bookings,"Have used their service for doing our family visa for Dubai and also to get travel insurance . excellent service followed by proper guidance , pick up service , setting t...more",Send Enquiry, 59 people recently enquired,07947158900
 Yes Kay World Tours Bangalore Pvt Ltd ,https://www.justdial.com/Bangalore/Yes-Kay-World-Tours-Bangalore-Pvt-Ltd-Opposite-to-Empire-Hotel-Kammanahalli/080PXX80-XX80-141110161133-E1H4_BZDET?ncatid=10966943&area=&search=%20International%20Travel%20Agents%20in%20Bangalore&mncatname=International%20Travel%20Agents&abd_btn=&abd_heading=,https://content.jdmagicbox.com/comp/bangalore/x2/080pxx80.xx80.150131091429.y8x2/catalogue/yes-kay-world-tours-bangalore-pvt-ltd-kammanahalli-bangalore-travel-agents-4b8n65p-250.jpg?w=3840&q=75,Quick Response,4.2,Nehru Road Kammanahalli,81 Ratings,Traveller's Check Available,Traveller's Check Available,,Send Enquiry, 378 people recently enquired,07947196765
" Agfa Computers,Famac Travels and E Services ","https://www.justdial.com/Bangalore/Agfa-Computers,Famac-Travels-and-E-Services-Near-Muthyalamma-Temple-Shivaji-Nagar/080PXX80-XX80-131116163355-A9H3_BZDET?ncatid=10966943&area=&search=%20International%20Travel%20Agents%20in%20Bangalore&mncatname=International%20Travel%20Agents&abd_btn=&abd_heading=",https://content.jdmagicbox.com/comp/bangalore/h3/080pxx80.xx80.131116163355.a9h3/catalogue/agfa-computers-shivaji-nagar-bangalore-computer-repair-and-services-l2j5c-250.jpg?w=3840&q=75,Trending,4.1,Seppings Road Shivaji Nagar,60 Ratings,"Travel Agents
Bus Ticketing Agents",Travel Agents,,Send Enquiry, 666 people recently enquired,07947313008
 Krishna Tours and Travels ,https://www.justdial.com/Bangalore/Krishna-Tours-and-Travels-Next-Udupi-Garden-New-Shanthi-Sagar-Hotel-Btm-Layout-2nd-Stage/080PXX80-XX80-120119094407-H8F5_BZDET?ncatid=10966943&area=&search=%20International%20Travel%20Agents%20in%20Bangalore&mncatname=International%20Travel%20Agents&abd_btn=&abd_heading=,https://content.jdmagicbox.com/comp/bangalore/f5/080pxx80.xx80.120119094407.h8f5/catalogue/krishna-tours-and-travels-btm-layout-2nd-stage-bangalore-travel-agents-dkgrz4swhg-250.jpg?w=3840&q=75,Popular,4.6,Feet Btm Layout 2nd Stage,701 Ratings,"Travel Agents
Car Rental",Travel Agents,,Send Enquiry, 365 people recently enquired,07947156335
 Sri Sai Tours & Packages ,https://www.justdial.com/Bangalore/Sri-Sai-Tours-Packages-Near-Maheshwaramma-Temple-T-Dasarahalli/080PXX80-XX80-160416165001-C8D7_BZDET?ncatid=10966943&area=&search=%20International%20Travel%20Agents%20in%20Bangalore&mncatname=International%20Travel%20Agents&abd_btn=&abd_heading=,https://content.jdmagicbox.com/comp/bangalore/d7/080pxx80.xx80.160416165001.c8d7/catalogue/sri-sai-tours-and-packages-t-dasarahalli-bangalore-tour-packages-tvnogrzy49-250.jpg?w=3840&q=75,Quick Response,4.5,Maheshwarinagar T Dasarahalli,5 Ratings,"Travel Agents
Tour Packages",Travel Agents,I am sorry for the delay in getting back to you as I was travelling and I just got back yesterday. I will go direct to my feedback on my recent tour to India. First and f...more,Send Enquiry, 555 people recently enquired,07947190900
 Premiere Tours and Travels ,https://www.justdial.com/Bangalore/Premiere-Tours-and-Travels-RMV-Extension/080PXX80-XX80-220607163428-U8E9_BZDET?ncatid=10966943&area=&search=%20International%20Travel%20Agents%20in%20Bangalore&mncatname=International%20Travel%20Agents&abd_btn=&abd_heading=,https://content.jdmagicbox.com/comp/def_content/tour-packages-for-holiday/1-tour-packages-for-holiday-1-lwy21-250.jpg?clr=#1d4949?w=3840&q=75,Quick Response,4.7,New Bel Road RMV Extension,59 Ratings,"Travel Agents
Car Rental",Travel Agents,I took the transport service from Premier travels and they provided excellent service. She has supported me since the beginning of travel plan in making it smooth and has...more,Send Enquiry, 629 people recently enquired,07942773720
 Airon Travel Solution ,https://www.justdial.com/Bangalore/Airon-Travel-Solution-Opposite-Kanti-Sweets-Rajarajeshwari-Nagar/080PXX80-XX80-210412181951-R9W2_BZDET?ncatid=10966943&area=&search=%20International%20Travel%20Agents%20in%20Bangalore&mncatname=International%20Travel%20Agents&abd_btn=&abd_heading=,https://content.jdmagicbox.com/comp/def_content/air_ticketing_agents/default-air-ticketing-agents-12-250.jpg?w=3840&q=75,Quick Response,4.5,3rd Stage Rajarajeshwari Nagar,35 Ratings,Hotel Bookings,Hotel Bookings,,Send Enquiry, 252 people recently enquired,07947322972
 Rishan Holidays ,https://www.justdial.com/Bangalore/Rishan-Holidays-Opposite-Janatha-Co-Operative-Bank-Byraveshwaranagar/080PXX80-XX80-170130143156-Y6V2_BZDET?ncatid=10966943&area=&search=%20International%20Travel%20Agents%20in%20Bangalore&mncatname=International%20Travel%20Agents&abd_btn=&abd_heading=,https://content.jdmagicbox.com/comp/bangalore/v2/080pxx80.xx80.170130143156.y6v2/catalogue/rishan-holidays-nagarbhavi-bangalore-car-hire-lsoha-250.jpg?w=3840&q=75,,4.5,Main Road Byraveshwaranagar,24 Ratings,"Hotel Bookings
Corporate Travel
Sight Seeing Planning",Hotel Bookings,,Send Enquiry, 787 people recently enquired,07947278207
 Makemytrip.com ,https://www.justdial.com/Bangalore/Makemytripcom-Above-Abira-Jewellers-Koramangala-6th-Block/080PXX80-XX80-190307162341-W1J5_BZDET?ncatid=10966943&area=&search=%20International%20Travel%20Agents%20in%20Bangalore&mncatname=International%20Travel%20Agents&abd_btn=&abd_heading=,https://content.jdmagicbox.com/comp/bangalore/j5/080pxx80.xx80.190307162341.w1j5/catalogue/makemytrip-com-sony-world-junction-bangalore-travel-agents-v2tx8hx9f5-250.jpg?clr=#522914?w=3840&q=75,Quick Response,4.0,Feet Road Koramangala 6th Block,458 Ratings,"Travel Agents
Tour Packages",Travel Agents,"The customer here i have already use this company Desirous of doing a Jain pilgrimage tour of Uttar Pradesh which has many important Jain temples, I wrote to four tour op...more",Send Enquiry, 583 people recently enquired,07947436339
 Sri Guru Raghavendra Tours and Travels ,https://www.justdial.com/Bangalore/Sri-Guru-Raghavendra-Tours-and-Travels-Near-Jalahalli-Metro-Station-Jalahalli-Cross/080PXX80-XX80-131016115947-M1J1_BZDET?ncatid=10966943&area=&search=%20International%20Travel%20Agents%20in%20Bangalore&mncatname=International%20Travel%20Agents&abd_btn=&abd_heading=,https://content.jdmagicbox.com/comp/bangalore/j1/080pxx80.xx80.131016115947.m1j1/catalogue/sri-guru-raghavendra-tours-and-travels-jalahalli-cross-bangalore-air-ticketing-agents-xp6zuuhdn0-250.jpg?clr=#2d3939?w=3840&q=75,Quick Response,4.0,Chokkasandra Jalahalli Cross,133 Ratings,"Corporate Travel
Sight Seeing Planning",Corporate Travel,,Send Enquiry, 1474 people recently enquired,07947229159
 Sri Balamuri Flight Package Tours ,https://www.justdial.com/Bangalore/Sri-Balamuri-Flight-Package-Tours-Opp-Bsnl-Telephone-Exchange-Yelahanka-Old-Town/080PXX80-XX80-111101104737-W1Q8_BZDET?ncatid=10966943&area=&search=%20International%20Travel%20Agents%20in%20Bangalore&mncatname=International%20Travel%20Agents&abd_btn=&abd_heading=,https://content.jdmagicbox.com/comp/def_content/air_ticketing_agents/default-air-ticketing-agents-9-250.jpg?w=3840&q=75,Trending,4.8,Station Yelahanka Old Town,306 Ratings,Hotel Bookings,Hotel Bookings,We took an Ooty package in last year Feb. with sri balamuri fight package tours. All arrangements were perfect. Everything was on time. Sri balamuri fight package tours d...more,Send Enquiry, 296 people recently enquired,07947311236
 7Coast Tours ,https://www.justdial.com/Bangalore/7Coast-Tours-Near-Shanthi-Sagar-Madiwala/080PXX80-XX80-171117125109-N7F1_BZDET?ncatid=10966943&area=&search=%20International%20Travel%20Agents%20in%20Bangalore&mncatname=International%20Travel%20Agents&abd_btn=&abd_heading=,https://content.jdmagicbox.com/comp/bangalore/f1/080pxx80.xx80.171117125109.n7f1/catalogue/7coast-holidays-madiwala-bangalore-tour-packages-61k4z7e4n2-250.jpg?clr=#660000?w=3840&q=75,Trending,4.5,Madiwala Madiwala,26 Ratings,Hotel Bookings,Hotel Bookings,,Send Enquiry, 161 people recently enquired,07947290377
 Global Wings Tours INDIA Pvt Ltd ,https://www.justdial.com/Bangalore/Global-Wings-Tours-INDIA-Pvt-Ltd-Near-Ganesha-Temple-Kammanahalli/080PXX80-XX80-200629003915-S9Y3_BZDET?ncatid=10966943&area=&search=%20International%20Travel%20Agents%20in%20Bangalore&mncatname=International%20Travel%20Agents&abd_btn=&abd_heading=,https://content.jdmagicbox.com/comp/bangalore/y3/080pxx80.xx80.200629003915.s9y3/catalogue/global-wings-pvt-ltd-banaswadi-bangalore-hotels-14robvg86l-250.jpg?clr=#2d392d?w=3840&q=75,Quick Response,3.9,Sukh Sagar Road Kammanahalli,"1,747 Ratings","Travel Agents
Tour Packages",Travel Agents,"Firstly, the driver  was very professional. He was very polite and helpful. Would definitely give him a 10 out of 10.
Secondly, the vehicle,first class. The Tv and the ta...more",Send Enquiry, 366 people recently enquired,07942596271
 SME Tours and Travels ,https://www.justdial.com/Bangalore/SME-Tours-and-Travels-Near-Royal-Super-Market-Near-Kidney-Foundation-Padmanabhanagar/080PXX80-XX80-161023102405-E1F5_BZDET?ncatid=10966943&area=&search=%20International%20Travel%20Agents%20in%20Bangalore&mncatname=International%20Travel%20Agents&abd_btn=&abd_heading=,https://content.jdmagicbox.com/comp/bangalore/f5/080pxx80.xx80.161023102405.e1f5/catalogue/sme-cabs-padmanabhanagar-bangalore-tour-packages-for-shirdi-k3xsxb1wpf-250.jpg?clr=#295214?w=3840&q=75,Trending,4.9,18th Main Padmanabhanagar,74 Ratings,"Travel Agents
Car Rental",Travel Agents,,Send Enquiry, 888 people recently enquired,07947259989
 Astral Peak International ,https://www.justdial.com/Bangalore/Astral-Peak-International-Opposite-Printo-Koramangala/080PXX80-XX80-190912125219-U9H9_BZDET?ncatid=10966943&area=&search=%20International%20Travel%20Agents%20in%20Bangalore&mncatname=International%20Travel%20Agents&abd_btn=&abd_heading=,https://content.jdmagicbox.com/comp/bangalore/h9/080pxx80.xx80.190912125219.u9h9/catalogue/astral-peak-international-koramangala-bangalore-international-tour-packages-khifmwjha7-250.jpg?w=3840&q=75,Trending,4.7,5th Cross 5th Block Koramangala,23 Ratings,"Travel Agents
Tour Packages",Travel Agents,,Send Enquiry, 74 people recently enquired,Show Number
 Amazing Dream Holidays ,https://www.justdial.com/Bangalore/Amazing-Dream-Holidays-Near-Choice-Bakery-Kammanahalli/080PXX80-XX80-170506104513-V4N1_BZDET?ncatid=10966943&area=&search=%20International%20Travel%20Agents%20in%20Bangalore&mncatname=International%20Travel%20Agents&abd_btn=&abd_heading=,https://content.jdmagicbox.com/comp/bangalore/n1/080pxx80.xx80.170506104513.v4n1/catalogue/amazing-holiday-bangalore-kammanahalli-bangalore-tour-packages-for-bangalore-tsku5oaz0c-250.jpg?clr=331a4d?w=3840&q=75,,3.7,Temple Street Kammanahalli,43 Ratings,"Travel Agents
Tour Packages",Travel Agents,Jab first time Mujhe chance mila tha flight me travel karne Ka to Sbse pahle ticket yahi se book ki thi kaafi Acha safar rha tha flight ticket me bi offer mil gya tha jis...more,Send Enquiry, 382 people recently enquired,09035606829
 Silverwings Travel Connections Pvt Ltd ,https://www.justdial.com/Bangalore/Silverwings-Travel-Connections-Pvt-Ltd-Next-to-Yamaha-Showroom-Frazer-Town/080PXX80-XX80-180618130513-T5U4_BZDET?ncatid=10966943&area=&search=%20International%20Travel%20Agents%20in%20Bangalore&mncatname=International%20Travel%20Agents&abd_btn=&abd_heading=,https://content.jdmagicbox.com/comp/bangalore/u4/080pxx80.xx80.180618130513.t5u4/catalogue/silverwings-travel-connections-pvt-ltd-bangalore-1ivi2kyhi0-250.jpg?clr=#44222d?w=3840&q=75,Quick Response,4.4,M M Road Frazer Town,24 Ratings,"Hotel Bookings
Corporate Travel
Sight Seeing Planning
Provides Travel Insurance",Hotel Bookings,,Send Enquiry, 30 people recently enquired,Show Number
 7sky Travel World ,https://www.justdial.com/Bangalore/7sky-Travel-World-Near-Bandhan-Bnk-Hrbr-Layout/080PXX80-XX80-220709130524-G7X2_BZDET?ncatid=10966943&area=&search=%20International%20Travel%20Agents%20in%20Bangalore&mncatname=International%20Travel%20Agents&abd_btn=&abd_heading=,https://content.jdmagicbox.com/comp/service_catalogue/-international-tour-packages-080pxx80.xx80.220709130524.g7x2-kzwqdbx-250.jpg?w=3840&q=75,,4.4,CMR Road Hrbr Layout,19 Ratings,"Travel Agents
Tour Packages",Travel Agents,,Send Enquiry, 36 people recently enquired,07947206510
 Wings Of India ,https://www.justdial.com/Bangalore/Wings-Of-India-Near-Nammoora-Thindi-Hotel-Nagarbhavi/080PXX80-XX80-150227112156-C7P3_BZDET?ncatid=10966943&area=&search=%20International%20Travel%20Agents%20in%20Bangalore&mncatname=International%20Travel%20Agents&abd_btn=&abd_heading=,https://content.jdmagicbox.com/comp/bangalore/p3/080pxx80.xx80.150227112156.c7p3/catalogue/wings-of-india-nagarbhavi-bangalore-travel-agents-44tsk32-250.jpg?w=3840&q=75,Trending,4.1,Teachers Colony Nagarbhavi,26 Ratings,"Travel Agents
Resorts",Travel Agents,This is the one of the best resort I recently two weeks back visited here the staff was good they handles professional day it`s comfortable place me and my friends had a ...more,Send Enquiry, 23 people recently enquired,Show Number
 World Axis Tours and Travels ,https://www.justdial.com/Bangalore/World-Axis-Tours-and-Travels-Behind-Nagarjuna-Restaurant-M-G-Road/080PXX80-XX80-211007212523-J3L8_BZDET?ncatid=10966943&area=&search=%20International%20Travel%20Agents%20in%20Bangalore&mncatname=International%20Travel%20Agents&abd_btn=&abd_heading=,https://content4.jdmagicbox.com/comp/bangalore/l8/080pxx80.xx80.211007212523.j3l8/catalogue/world-axis-tours-and-travels-m-g-road-bangalore-visa-assistance-zluqplyqei-250.jpg?w=3840&q=75,Trending,4.1,Residency Road M G Road,29 Ratings,Hotel Bookings,Hotel Bookings,"This recommend this company. they loyal to customers and they are friendly in nature. they provide good service and assistance for countries like cannada , Germany , Ital...more",Send Enquiry, 477 people recently enquired,07947353231
 Airone Travel Solution Pvt Ltd ,https://www.justdial.com/Bangalore/Airone-Travel-Solution-Pvt-Ltd-Oppto-Nammura-Thindi-Nagarbhavi-2nd-Stage/080PXX80-XX80-140318171458-K1V3_BZDET?ncatid=10966943&area=&search=%20International%20Travel%20Agents%20in%20Bangalore&mncatname=International%20Travel%20Agents&abd_btn=&abd_heading=,https://content.jdmagicbox.com/comp/def_content/air_ticketing_agents/default-air-ticketing-agents-4-250.jpg?clr=#3a3a2c?w=3840&q=75,Trending,4.1,Layout Nagarbhavi 2nd Stage,181 Ratings,Hotel Bookings,Hotel Bookings,,Send Enquiry, 130 people recently enquired,07947062205
 Star Fing Pvt Ltd ,https://www.justdial.com/Bangalore/Star-Fing-Pvt-Ltd-Above-ICICI-Bank-Benniganahalli/080PXX80-XX80-151114143102-D5N9_BZDET?ncatid=10966943&area=&search=%20International%20Travel%20Agents%20in%20Bangalore&mncatname=International%20Travel%20Agents&abd_btn=&abd_heading=,https://content.jdmagicbox.com/comp/bangalore/n9/080pxx80.xx80.151114143102.d5n9/catalogue/star-fing-pvt-ltd-benniganahalli-bangalore-1-day-picnic-organisers-avga46p529-250.jpg?w=3840&q=75,,3.5,Vivekananda Road Benniganahalli,360 Ratings,Hotel Bookings,Hotel Bookings,The platform they provide for trading is very good and easily understandable and it is very helpful in trading Opening free trading account what better you can expect fro...more,Send Enquiry, 711 people recently enquired,07947237988
 Nayaz Ahmad ,https://www.justdial.com/Bangalore/Nayaz-Ahmad-Near-Vishwa-Bharathi-School-Nayandahalli/080PXX80-XX80-220123170727-F1E4_BZDET?ncatid=10966943&area=&search=%20International%20Travel%20Agents%20in%20Bangalore&mncatname=International%20Travel%20Agents&abd_btn=&abd_heading=,https://content.jdmagicbox.com/comp/bangalore/e4/080pxx80.xx80.220123170727.f1e4/catalogue/k-galaxy-tourism-nayandahalli-bangalore-international-travel-agents-lylifuvkvo-250.jpg?w=3840&q=75,Trending,4.5,Metro Layout Nayandahalli,19 Ratings,"Travel Agents
Car Rental",Travel Agents,"Thank you so much for your help in organising our India trip. We had an absolutely fantastic time, helped by your companies amazing organisation and all your great staff....more",Send Enquiry, 321 people recently enquired,07947294488
 Sudarshan Travels and Holidays ,https://www.justdial.com/Bangalore/Sudarshan-Travels-and-Holidays-Opp-to-Krishna-Grand-Hotel-Madiwala/080PXX80-XX80-161020212640-D9X9_BZDET?ncatid=10966943&area=&search=%20International%20Travel%20Agents%20in%20Bangalore&mncatname=International%20Travel%20Agents&abd_btn=&abd_heading=,https://content.jdmagicbox.com/comp/bangalore/x9/080pxx80.xx80.161020212640.d9x9/catalogue/sudarshan-travels-and-holidays-madiwala-bangalore-bus-ticketing-agents-hwcd53777s-250.jpg?clr=#562e10?w=3840&q=75,,4.0,Hosurmain Road Madiwala,134 Ratings,"Travel Agents
Car Rental",Travel Agents,"This company has very good experienced drivers and well maintained cars. The price is also reasonable overall it`s a very good experience we had during our trip, I would ...more",Send Enquiry, 2618 people recently enquired,07947288967
 Global Wings Tours ,https://www.justdial.com/Bangalore/Global-Wings-Tours-Next-to-Vivanta-By-Taj-Whitefield/080PXX80-XX80-100827114634-Y1H7_BZDET?ncatid=10966943&area=&search=%20International%20Travel%20Agents%20in%20Bangalore&mncatname=International%20Travel%20Agents&abd_btn=&abd_heading=,https://content.jdmagicbox.com/comp/bangalore/h7/080pxx80.xx80.100827114634.y1h7/catalogue/global-wings-tours-whitefield-bangalore-tour-operators-e3jwf5kxlf-250.jpg?w=3840&q=75,Trending,4.2,ITPL Main Road Whitefield,191 Ratings,"Hotel Bookings
Traveller's Check Available",Hotel Bookings,,Send Enquiry, 66 people recently enquired,Show Number
 Unifly Travels Private Limited ,https://www.justdial.com/Bangalore/Unifly-Travels-Private-Limited-Ashoknagar/080PXX80-XX80-160821183041-A5D6_BZDET?ncatid=10966943&area=&search=%20International%20Travel%20Agents%20in%20Bangalore&mncatname=International%20Travel%20Agents&abd_btn=&abd_heading=,https://content.jdmagicbox.com/comp/bangalore/d6/080pxx80.xx80.160821183041.a5d6/catalogue/unifly-travels-pvt-ltd-m-g-road-bangalore-air-ticketing-agents-sx3ou-250.jpg?w=3840&q=75,Trending,4.5,Ashoknagar,28 Ratings,"Hotel Bookings
Corporate Travel
Sight Seeing Planning
Provides Travel Insurance",Hotel Bookings,,Send Enquiry, 320 people recently enquired,07947255021
 Just Go Holidayz ,https://www.justdial.com/Bangalore/Just-Go-Holidayz-Near-Ullal-RTO-Mallathahalli/080PXX80-XX80-120326161036-M4R7_BZDET?ncatid=10966943&area=&search=%20International%20Travel%20Agents%20in%20Bangalore&mncatname=International%20Travel%20Agents&abd_btn=&abd_heading=,https://content.jdmagicbox.com/comp/bangalore/r7/080pxx80.xx80.120326161036.m4r7/catalogue/just-go-international-kengeri-bangalore-travel-agents-dddeme-250.jpg?w=3840&q=75,,4.6,Railway Layout Mallathahalli,89 Ratings,"Travel Agents
Online Passport Agents",Travel Agents,,Send Enquiry, 36 people recently enquired,07947175672
 Highsky Travels Pvt Ltd ,https://www.justdial.com/Bangalore/Highsky-Travels-Pvt-Ltd-Ulsoor/080PXX80-XX80-180831121102-K3T9_BZDET?ncatid=10966943&area=&search=%20International%20Travel%20Agents%20in%20Bangalore&mncatname=International%20Travel%20Agents&abd_btn=&abd_heading=,https://content.jdmagicbox.com/comp/bangalore/t9/080pxx80.xx80.180831121102.k3t9/catalogue/highsky-travels-pvt-ltd-ulsoor-bangalore-travel-agents-y1enfkjuhv-250.jpg?w=3840&q=75,Trending,4.7,No 106/4 Ulsoor,48 Ratings,"Travel Agents
Car Rental",Travel Agents,"This is the one of the best service and easy booking their service  is good, the staff  communicated well, the driver also guided us  good, I am also satisfied with the p...more",Send Enquiry, 26 people recently enquired,Show Number
 Navin Tours and Travels ,https://www.justdial.com/Bangalore/Navin-Tours-and-Travels-Near-Abhinay-Theatre-Bvk-Iyengar-Road/080PXX80-XX80-100821121630-Y2J3_BZDET?ncatid=10966943&area=&search=%20International%20Travel%20Agents%20in%20Bangalore&mncatname=International%20Travel%20Agents&abd_btn=&abd_heading=,https://content.jdmagicbox.com/comp/def_content/bus_services/navin-tours-and-travels-bvk-iyengar-road-bangalore-travel-agents-113-250.jpg?w=3840&q=75,Trending,4.5,Iyengar Road Bvk Iyengar Road,129 Ratings,"Travel Agents
Bus Ticketing Agents",Travel Agents,,Send Enquiry, 75 people recently enquired,07947155450
 Finapian Services Group ,https://www.justdial.com/Bangalore/Finapian-Services-Group-Near-Ayyappa-Swamy-Temple-Vijaya-Bank-Layout/080PXX80-XX80-150128180118-Z5X6_BZDET?ncatid=10966943&area=&search=%20International%20Travel%20Agents%20in%20Bangalore&mncatname=International%20Travel%20Agents&abd_btn=&abd_heading=,https://content.jdmagicbox.com/comp/bangalore/x6/080pxx80.xx80.150128180118.z5x6/catalogue/finapian-services-group-vijaya-bank-layout-bangalore-home-loans-07lg4he8hw-250.jpg?w=3840&q=75,,5.0,Road Vijaya Bank Layout,3 Ratings,"Estate Agents
Travel Agents",Estate Agents,,Send Enquiry, 434 people recently enquired,07947165417
 Shree Lakshmi Travels ,https://www.justdial.com/Bangalore/Shree-Lakshmi-Travels-Near-Infosys-Gate-3-6-Infosys-Opp-IFIM-B-School-Electronic-City-Phase-1/080P5168968_BZDET?ncatid=10966943&area=&search=%20International%20Travel%20Agents%20in%20Bangalore&mncatname=International%20Travel%20Agents&abd_btn=&abd_heading=,https://content.jdmagicbox.com/comp/bangalore/68/080p5168968/catalogue/shree-lakshmi-travels-electronic-city-bangalore-taxi-services-5ew0v-250.jpg?w=3840&q=75,Trending,4.0,Agrahara Electronic City Phase 1,542 Ratings,"Travel Agents
Taxi Services",Travel Agents,Sri Lakshmi rental is a company they will give good service Easy booking and short waitGood insurance reasonable price and followed standard procedures and quick service ...more,Send Enquiry, 517 people recently enquired,07947161643
 Niceway Travels ,https://www.justdial.com/Bangalore/Niceway-Travels-Opposite-Mims-Villa-Kannamangala/080PXX80-XX80-140201170250-S2N8_BZDET?ncatid=10966943&area=&search=%20International%20Travel%20Agents%20in%20Bangalore&mncatname=International%20Travel%20Agents&abd_btn=&abd_heading=,https://content.jdmagicbox.com/comp/bangalore/n8/080pxx80.xx80.140201170250.s2n8/catalogue/niceway-travels-kannamangala-bangalore-travel-agents-usx9gee5sp-250.jpg?w=3840&q=75,Trending,4.4,Main Road Kannamangala,85 Ratings,"Association Of Tour Packages-0
Hotel Bookings
Corporate Travel
Test Ride Offered",Association Of Tour Packages-0,,Send Enquiry, 496 people recently enquired,07947279627
 Tourism Hospitality Travel Services ,https://www.justdial.com/Bangalore/Tourism-Hospitality-Travel-Services-Near-More-Moga-Store-and-Icici-ATM-MTB-School-Mahadevapura/080PXX80-XX80-140610160933-A1T4_BZDET?ncatid=10966943&area=&search=%20International%20Travel%20Agents%20in%20Bangalore&mncatname=International%20Travel%20Agents&abd_btn=&abd_heading=,https://content.jdmagicbox.com/comp/bangalore/t4/080pxx80.xx80.140610160933.a1t4/catalogue/tourism-hospitality-travel-services-mahadevapura-bangalore-visa-assistance-ndv1gjma2t-250.jpg?clr=394422?w=3840&q=75,Trending,4.8,Outer Ring Road Mahadevapura,241 Ratings,"Travel Agents
Tour Packages",Travel Agents,"It is one of the best visa services I can recommend to everyone at Bangalore. With no doubt, anyone can simply trust and ask assistance from Mr. Ramachandran for any kind...more",Send Enquiry, 33 people recently enquired,Show Number
 Sb International Tours And Travels Pvt Ltd ,https://www.justdial.com/Bangalore/Sb-International-Tours-And-Travels-Pvt-Ltd-Basavanagudi/080PXX80-XX80-230405220632-Q5G2_BZDET?ncatid=10966943&area=&search=%20International%20Travel%20Agents%20in%20Bangalore&mncatname=International%20Travel%20Agents&abd_btn=&abd_heading=,https://content.jdmagicbox.com/comp/bangalore/g2/080pxx80.xx80.230405220632.q5g2/catalogue/m2g8kg08dugiv3r-4k2hp0t6dk-250.jpg?w=3840&q=75,,5.0,Stage 2 Basavanagudi,2 Ratings,"Travel Agents
Car Rental",Travel Agents,,Send Enquiry, 387 people recently enquired,07947189032
 Get My Tour ,https://www.justdial.com/Bangalore/Get-My-Tour-Near-Opp-Muradeshwara-Steel-HSR-Layout-Sector-1/080PXX80-XX80-200907151513-F8R1_BZDET?ncatid=10966943&area=&search=%20International%20Travel%20Agents%20in%20Bangalore&mncatname=International%20Travel%20Agents&abd_btn=&abd_heading=,https://content.jdmagicbox.com/comp/bangalore/r1/080pxx80.xx80.200907151513.f8r1/catalogue/get-my-tour-hsr-layout-sector-1-bangalore-24-hours-car-rental-0y8b5w5ly6-250.jpg?clr=#283e3e?w=3840&q=75,Trending,4.8,Main HSR Layout Sector 1,102 Ratings,"Travel Agents
Tour Packages",Travel Agents,It was nice trip planned for Manali . All services are good and no hurdle`s during the trip. Around 4 star I can provide for my whole trip. Visiting Solong valley destina...more,Send Enquiry, 165 people recently enquired,07947079530
 Abhi Tours & Travels ,https://www.justdial.com/Bangalore/Abhi-Tours-Travels-Near-Auto-Stand-Chikkabidarkal/080PXX80-XX80-180316124254-C1E3_BZDET?ncatid=10966943&area=&search=%20International%20Travel%20Agents%20in%20Bangalore&mncatname=International%20Travel%20Agents&abd_btn=&abd_heading=,https://content.jdmagicbox.com/comp/bangalore/e3/080pxx80.xx80.180316124254.c1e3/catalogue/abhi-tours-travels-chikkabidarkal-bangalore-travel-agents-vcbm6u9a4r-250.jpg?clr=#4d261a?w=3840&q=75,Trending,4.5,Near Tumkur Road Chikkabidarkal,24 Ratings,"Hotel Bookings
Corporate Travel
Sight Seeing Planning
Provides Travel Insurance",Hotel Bookings,"Most reliable cab service in Bangalore,  Travelled to Tirupathi on personal emergency and Mr Sharat was very helpful right from.getting the epass to getting a most comfor...more",Send Enquiry, 674 people recently enquired,07947226676
 R M V Communication ,https://www.justdial.com/Bangalore/R-M-V-Communication-Ulsoor/080PXX80-XX80-110622110347-H9M4_BZDET?ncatid=10966943&area=&search=%20International%20Travel%20Agents%20in%20Bangalore&mncatname=International%20Travel%20Agents&abd_btn=&abd_heading=,https://content.jdmagicbox.com/comp/def_content/bus_services/default-bus-services-110-250.jpg?w=3840&q=75,,3.6,Lakshmipuram Ulsoor,55 Ratings,"Estate Agents
Estate Agents For Residential Rental",Estate Agents,,Send Enquiry, 197 people recently enquired,07947155968
 Al Syed Owais Tours International ,https://www.justdial.com/Bangalore/Al-Syed-Owais-Tours-International-Near-BDA-Complex-Opposite-New-Krishna-Sagar-Hotel-Hbr-Layout-1st-Stage/080PXX80-XX80-190501122938-A6K8_BZDET?ncatid=10966943&area=&search=%20International%20Travel%20Agents%20in%20Bangalore&mncatname=International%20Travel%20Agents&abd_btn=&abd_heading=,https://content.jdmagicbox.com/comp/bangalore/k8/080pxx80.xx80.190501122938.a6k8/catalogue/al-syed-owais-tours-international-hbr-layout-bangalore-travel-agents-i4mv98suo7-250.jpg?clr=#17334f?w=3840&q=75,,4.5,3rd Block Hbr Layout 1st Stage,9 Ratings,Hotel Bookings,Hotel Bookings,,Send Enquiry, 197 people recently enquired,08904996425
 The Rid Holidays ,https://www.justdial.com/Bangalore/The-Rid-Holidays-Opposite-Balaji-Temple-Chickpete/080PXX80-XX80-220526131516-E2D4_BZDET?ncatid=10966943&area=&search=%20International%20Travel%20Agents%20in%20Bangalore&mncatname=International%20Travel%20Agents&abd_btn=&abd_heading=,https://content.jdmagicbox.com/comp/bangalore/d4/080pxx80.xx80.220526131516.e2d4/catalogue/the-rid-holidays-chickpete-bangalore-tour-packages-609rm6n5z6-250.jpg?clr=#143352?w=3840&q=75,Trending,4.7,Chickpete,42 Ratings,"Travel Agents
Railway Ticketing Agents",Travel Agents,"From the moment you contact the rid holidays, their team of travel experts will work with you to create a personalized itinerary that meets your needs and fits your budge...more",Send Enquiry, 1137 people recently enquired,07947317972
 Travel Amante ,https://www.justdial.com/Bangalore/Travel-Amante-Opposite-to-Axis-Bank-Jayanagar-4th-T-Block/080PXX80-XX80-130805141813-N7X2_BZDET?ncatid=10966943&area=&search=%20International%20Travel%20Agents%20in%20Bangalore&mncatname=International%20Travel%20Agents&abd_btn=&abd_heading=,https://content.jdmagicbox.com/comp/bangalore/x2/080pxx80.xx80.130805141813.n7x2/catalogue/travel-amante-jayanagar-4th-t-block-bangalore-car-hire-3w5zhxc-250.jpg?w=3840&q=75,Trending,4.8,4th Block Jayanagar 4th T Block,188 Ratings,"Travel Agents
Tour Packages",Travel Agents,,Send Enquiry, 316 people recently enquired,07942592133
 Travel Visa Globl ,https://www.justdial.com/Bangalore/Travel-Visa-Globl-Near-Textile-Co-Operative-Bank-Sudhama-Nagar/080PXX80-XX80-211016111729-I3M3_BZDET?ncatid=10966943&area=&search=%20International%20Travel%20Agents%20in%20Bangalore&mncatname=International%20Travel%20Agents&abd_btn=&abd_heading=,https://content.jdmagicbox.com/comp/bangalore/m3/080pxx80.xx80.211016111729.i3m3/catalogue/travel-visa-globl-sudhama-nagar-bangalore-visa-assistance-dgqsi12o60-250.jpg?clr=#0b445b?w=3840&q=75,Trending,4.9,Road-Sudhama Nagar Sudhama Nagar,141 Ratings,"Travel Agents
Tour Packages",Travel Agents,"I had never bought one of these holiday packages and was amazing at how easy it was! Everything was included, and exactly what was promised to us. Even the hotel were in ...more",Send Enquiry, 338 people recently enquired,07947327999
 Isra Travel Services Pvt Ltd ,https://www.justdial.com/Bangalore/Isra-Travel-Services-Pvt-Ltd-Near-Anjaneya-Temple-Frazer-Town/080PXX80-XX80-150612104303-M4E7_BZDET?ncatid=10966943&area=&search=%20International%20Travel%20Agents%20in%20Bangalore&mncatname=International%20Travel%20Agents&abd_btn=&abd_heading=,https://content.jdmagicbox.com/comp/bangalore/e7/080pxx80.xx80.150612104303.m4e7/catalogue/isra-travel-services-pvt-ltd-frazer-town-bangalore-travel-agents-5rkyu-250.jpg?w=3840&q=75,Trending,4.2,Kenchappa Road Cross Frazer Town,36 Ratings,"Travel Agents
Tour Packages",Travel Agents,Overall a good place to spend a day. The rooms are not that great there`s no fridge and the complimentary breakfast which they offer was really awesome. There`s a lot of ...more,Send Enquiry, 16 people recently enquired,Show Number
 Aditi Tours and Travels ,https://www.justdial.com/Bangalore/Aditi-Tours-and-Travels-Nr-Nandini-Hotel-Koramangala/080PXX80-XX80-101013105723-F1I6_BZDET?ncatid=10966943&area=&search=%20International%20Travel%20Agents%20in%20Bangalore&mncatname=International%20Travel%20Agents&abd_btn=&abd_heading=,https://content.jdmagicbox.com/comp/def_content/air_ticketing_agents/default-air-ticketing-agents-2-250.jpg?clr=#0d3359?w=3840&q=75,,4.0,3rd Block Koramangala,150 Ratings,"Hotel Bookings
Corporate Travel
Sight Seeing Planning
School and College Trips Organizer",Hotel Bookings,We enjoyed our tour. The cab driver and cab facility was good. The hotel booking pickup and drop was well planned and well executed. Attention today`s the concerns was ve...more,Send Enquiry, 554 people recently enquired,07947162444
 Sai Ram Tours And Travels ,https://www.justdial.com/Bangalore/Sai-Ram-Tours-And-Travels-Near-More-Mega-Store-Krishnarajapuram/080PXX80-XX80-170812175954-F6I7_BZDET?ncatid=10966943&area=&search=%20International%20Travel%20Agents%20in%20Bangalore&mncatname=International%20Travel%20Agents&abd_btn=&abd_heading=,https://content.jdmagicbox.com/comp/bangalore/i7/080pxx80.xx80.170812175954.f6i7/catalogue/sai-ram-tours-and-travels-krishnarajapuram-bangalore-travel-agents-8jdrdeuabe-250.jpg?clr=#4c2e1a?w=3840&q=75,,3.8,Palya Main Road Krishnarajapuram,98 Ratings,"Travel Agents
Car Rental",Travel Agents,,Send Enquiry, 347 people recently enquired,07947161617
 Shunil Destinesia ,https://www.justdial.com/Bangalore/Shunil-Destinesia-Near-NTI-Ground-Vidyaranyapura/080PXX80-XX80-190221140648-F7L9_BZDET?ncatid=10966943&area=&search=%20International%20Travel%20Agents%20in%20Bangalore&mncatname=International%20Travel%20Agents&abd_btn=&abd_heading=,https://content.jdmagicbox.com/comp/bangalore/l9/080pxx80.xx80.190221140648.f7l9/catalogue/shunil-destinesia-bangalore-3e2urxybpn-250.jpg?w=3840&q=75,Trending,4.2,Main 19th Cross Vidyaranyapura,38 Ratings,"Travel Agents
Tour Packages For Tirupati",Travel Agents,"Travels provided me with an incredible travel experience. From the moment I reached out to them to plan my trip, I was impressed with their professionalism and attention ...more",Send Enquiry, 4061 people recently enquired,07947355784
 TANVI Travel WORLD ,https://www.justdial.com/Bangalore/TANVI-Travel-WORLD-Om-Shakthi-Temple-Subbanapalaya/080PXX80-XX80-180814184249-J6V1_BZDET?ncatid=10966943&area=&search=%20International%20Travel%20Agents%20in%20Bangalore&mncatname=International%20Travel%20Agents&abd_btn=&abd_heading=,https://content.jdmagicbox.com/comp/bangalore/v1/080pxx80.xx80.180814184249.j6v1/catalogue/tanvi-travel-world-bangalore-meabmm6k9f-250.jpg?clr=#39392d?w=3840&q=75,Trending,4.4,Cross Pns Layout Subbanapalaya,66 Ratings,"Travel Agents
Car Rental",Travel Agents,"I stayed for two days on a business trip. They have put real money into the hotel, and it shows. The room was in great shape. They also have the best continental breakfas...more",Send Enquiry, 34 people recently enquired,Show Number
 Far and Wide Travels ,https://www.justdial.com/Bangalore/Far-and-Wide-Travels-Opposite-to-Bharathi-Nursing-Home-Basavanagudi/080PXX80-XX80-120410174041-X5F3_BZDET?ncatid=10966943&area=&search=%20International%20Travel%20Agents%20in%20Bangalore&mncatname=International%20Travel%20Agents&abd_btn=&abd_heading=,https://content.jdmagicbox.com/comp/bangalore/f3/080pxx80.xx80.120410174041.x5f3/catalogue/far-and-wide-travels-banashankari-2nd-stage-bangalore-tour-packages-4ihs5dhsjl-250.jpg?clr=#143352?w=3840&q=75,Trending,4.7,KR Road Basavanagudi,122 Ratings,"Travel Agents
Tour Packages",Travel Agents,,Send Enquiry, 206 people recently enquired,07947348850
 Explorica World Tours ,https://www.justdial.com/Bangalore/Explorica-World-Tours-Near-Specialist-Hospital-Opposite-City-Honda-Showroom-Hrbr-Layout/080PXX80-XX80-180811154007-N8F2_BZDET?ncatid=10966943&area=&search=%20International%20Travel%20Agents%20in%20Bangalore&mncatname=International%20Travel%20Agents&abd_btn=&abd_heading=,https://content.jdmagicbox.com/comp/bangalore/f2/080pxx80.xx80.180811154007.n8f2/catalogue/chariot-world-tours-kalyan-nagar-bangalore-travel-agents-1bnpcccntf-250.jpg?clr=#244242?w=3840&q=75,Trending,4.6,80 Feet Road Hrbr Layout,71 Ratings,Hotel Bookings,Hotel Bookings,Excellent experience with the Singapore pleasure trip organised by Explorica World Tours.  Their teams in India and Singapore provide the tourists with all the services f...more,Send Enquiry, 194 people recently enquired,07947223174
 FlyKontinent Destiny Inventor ,https://www.justdial.com/Bangalore/FlyKontinent-Destiny-Inventor-Opposite-State-Bank-Of-India-Mathikere/080PXX80-XX80-180421135807-J8Z1_BZDET?ncatid=10966943&area=&search=%20International%20Travel%20Agents%20in%20Bangalore&mncatname=International%20Travel%20Agents&abd_btn=&abd_heading=,https://content.jdmagicbox.com/comp/def_content/ac-bus-services/4-ac-bus-services-4-popbc-250.jpg?clr=#223944?w=3840&q=75,,3.9,HMT Main Road Mathikere,436 Ratings,"Travel Agents
Car Rental",Travel Agents,,Send Enquiry, 210 people recently enquired,07942594839
 Globe Expeditions ,https://www.justdial.com/Bangalore/Globe-Expeditions-Nr-Nandi-Suits-Yelahanka/080PXX80-XX80-170923164555-N9X8_BZDET?ncatid=10966943&area=&search=%20International%20Travel%20Agents%20in%20Bangalore&mncatname=International%20Travel%20Agents&abd_btn=&abd_heading=,https://content.jdmagicbox.com/comp/bangalore/x8/080pxx80.xx80.170923164555.n9x8/catalogue/globe-expeditions-nagarbhavi-2nd-stage-bangalore-immigration-consultants-y7gry2iypz.jpg?w=3840&q=75,Trending,4.2,Nagarbhavi 2nd Stage Yelahanka,27 Ratings,"Hotel Bookings
Corporate Travel
Sight Seeing Planning
School and College Trips Organizer",Hotel Bookings,,Send Enquiry, 10 people recently enquired,Show Number
 RC Holidays Tours & Travels ,https://www.justdial.com/Bangalore/RC-Holidays-Tours-Travels-Near-Maruthi-Circle-Opposite-NICT-Hanumantha-Nagar-Banashankari/080PXX80-XX80-170409114528-V4Q7_BZDET?ncatid=10966943&area=&search=%20International%20Travel%20Agents%20in%20Bangalore&mncatname=International%20Travel%20Agents&abd_btn=&abd_heading=,https://content.jdmagicbox.com/comp/bangalore/q7/080pxx80.xx80.170409114528.v4q7/catalogue/rc-holidays-tours-and-travels-hanumantha-nagar-banashankari-bangalore-travel-agents-1iivkw967d-250.jpg?w=3840&q=75,Trending,4.9,Hanumantha Nagar-Banashankari,292 Ratings,"Travel Agents
Bus Ticketing Agents",Travel Agents,"Our trip to Dubai was very well organized by RC travels. Great customer service and amazing packages, they accommodated all our requirements for the trip. Thanks to our a...more",Send Enquiry, 50 people recently enquired,Show Number
 Keerthana Vacations ,https://www.justdial.com/Bangalore/Keerthana-Vacations-Next-Karvy-Consultants-Ltd-Basavanagudi/080PXX80-XX80-171129171011-Z5P1_BZDET?ncatid=10966943&area=&search=%20International%20Travel%20Agents%20in%20Bangalore&mncatname=International%20Travel%20Agents&abd_btn=&abd_heading=,https://content.jdmagicbox.com/comp/bangalore/p1/080pxx80.xx80.171129171011.z5p1/catalogue/keerthana-vacations-basavanagudi-bangalore-car-hire-1zpvna7mde-250.jpg?w=3840&q=75,Trending,4.3,Vani Vilas Road Basavanagudi,28 Ratings,Provides Travel Insurance,Provides Travel Insurance,"Happy with the service provided by them they have good vehicles cleanly maintained, They were on time to pick point and even the staff was very friendly , they have varie...more",Send Enquiry, 431 people recently enquired,07947250511
 Sri Sai Sannidi Real Estate And Tours And Travels ,https://www.justdial.com/Bangalore/Sri-Sai-Sannidi-Real-Estate-And-Tours-And-Travels-Opposite-Axa-Building-BTM-Layout-2nd-Stage/080PXX80-XX80-151012174634-J8U8_BZDET?ncatid=10966943&area=&search=%20International%20Travel%20Agents%20in%20Bangalore&mncatname=International%20Travel%20Agents&abd_btn=&abd_heading=,https://content.jdmagicbox.com/comp/bangalore/u8/080pxx80.xx80.151012174634.j8u8/catalogue/sri-sai-sannidi-real-estate-and-tours-and-travels-btm-layout-2nd-stage-bangalore-domestic-air-ticketing-agents-19k9sqt-250.jpg?w=3840&q=75,Trending,4.3,29th Main BTM Layout 2nd Stage,107 Ratings,"Estate Agents
Estate Agents For Residential Rental",Estate Agents,,Send Enquiry, 85 people recently enquired,Show Number
 Sanman Travels ,https://www.justdial.com/Bangalore/Sanman-Travels-Near-Sanman-Hotel-Kempegowda-Road/080PXX80-XX80-160229120312-Z1H1_BZDET?ncatid=10966943&area=&search=%20International%20Travel%20Agents%20in%20Bangalore&mncatname=International%20Travel%20Agents&abd_btn=&abd_heading=,https://content.jdmagicbox.com/comp/service_catalogue/tour-packages-for-honeymoon-080pxx80.xx80.160229120312.z1h1-9sj0gdq-250.jpg?w=3840&q=75,Trending,4.2,Kempegowda Road,249 Ratings,Corporate Travel,Corporate Travel,It was very nice experience with Sanman travel the food was good and covered all the sightseeing in travelling. Immediately respond for the issues which was raised during...more,Send Enquiry, 856 people recently enquired,07947238853
 Sairam Tours & Travels Holiday Package ,https://www.justdial.com/Bangalore/Sairam-Tours-Travels-Holiday-Package-Near-Canara-Bank-Coco-Barista-Coffee-Btm-Layout-2nd-Stage/080PXX80-XX80-170626130351-Y8D2_BZDET?ncatid=10966943&area=&search=%20International%20Travel%20Agents%20in%20Bangalore&mncatname=International%20Travel%20Agents&abd_btn=&abd_heading=,https://content.jdmagicbox.com/comp/bangalore/d2/080pxx80.xx80.170626130351.y8d2/catalogue/sairam-tours-and-travels-btm-layout-2nd-stage-bangalore-travel-agents-zliu8xxdly-250.jpg?clr=#224444?w=3840&q=75,Trending,4.6,18th Main Btm Layout 2nd Stage,198 Ratings,"Travel Agents
Car Rental",Travel Agents,The tour packages booking here is hassle free they are so efficient in their work and they provide quick services with reasonable price they cover all the major places in...more,Send Enquiry, 508 people recently enquired,07947344856
 GORUVAAS GLOBAL ENTERPRISES ,https://www.justdial.com/Bangalore/GORUVAAS-GLOBAL-ENTERPRISES-Near-Wipro-Signal-Koramangala/080PXX80-XX80-181204182343-R9N2_BZDET?ncatid=10966943&area=&search=%20International%20Travel%20Agents%20in%20Bangalore&mncatname=International%20Travel%20Agents&abd_btn=&abd_heading=,https://content.jdmagicbox.com/comp/bangalore/n2/080pxx80.xx80.181204182343.r9n2/catalogue/bhargav-tourism-and-travels-koramangala-bangalore-car-hire-0n6pqrsp2i-250.jpg?w=3840&q=75,,3.7,Main Road 1st Block Koramangala,12 Ratings,"Travel Agents
Car Rental",Travel Agents,,Send Enquiry, 32 people recently enquired,Show Number
 Octofirm Tours ,https://www.justdial.com/Bangalore/Octofirm-Tours-Near-Ramakrishana-Asharam-Cirlce-Basavanagudi/080PXX80-XX80-170713151933-H9P2_BZDET?ncatid=10966943&area=&search=%20International%20Travel%20Agents%20in%20Bangalore&mncatname=International%20Travel%20Agents&abd_btn=&abd_heading=,https://content.jdmagicbox.com/comp/def_content/international-tour-operators/shutterstock-272002220-international-tour-operators-5-lkalp-250.jpg?clr=#0a5c1b?w=3840&q=75,Trending,4.8,Bull Temple Road Basavanagudi,53 Ratings,"Travel Agents
Tour Packages For Tirupati",Travel Agents,,Send Enquiry, 306 people recently enquired,Show Number
 Eassygo Holidays ,https://www.justdial.com/Bangalore/Eassygo-Holidays-Near-Canara-ATM-Honniganahatti/080PXX80-XX80-220122004656-M1Y1_BZDET?ncatid=10966943&area=&search=%20International%20Travel%20Agents%20in%20Bangalore&mncatname=International%20Travel%20Agents&abd_btn=&abd_heading=,https://content.jdmagicbox.com/comp/bangalore/y1/080pxx80.xx80.220122004656.m1y1/catalogue/eassygo-holidays-honniganahatti-bangalore-travel-agents-r0wjwd6h3p-250.jpg?clr=#4d401a?w=3840&q=75,Trending,4.9,Magadi Main Road Honniganahatti,20 Ratings,"Travel Agents
Tour Packages For Tirupati",Travel Agents,They are maintain at a pick up and drop time good conversation with customer I am satisfied this trip and thank you they have sentence Good said and with very good and we...more,Send Enquiry, 0 people recently enquired,Show Number
 Easy Fly Tours And Travels ,https://www.justdial.com/Bangalore/Easy-Fly-Tours-And-Travels-Near-Empire-Hotel-Kammanahalli-Main-Road/080PXX80-XX80-111014084051-K6R7_BZDET?ncatid=10966943&area=&search=%20International%20Travel%20Agents%20in%20Bangalore&mncatname=International%20Travel%20Agents&abd_btn=&abd_heading=,https://content.jdmagicbox.com/comp/bangalore/r7/080pxx80.xx80.111014084051.k6r7/catalogue/easy-fly-tours-and-travels-kammanahalli-bangalore-international-air-ticketing-agents-1ykk29gevi-250.jpg?w=3840&q=75,,4.1,R S Palya Kammanahalli Main Road,136 Ratings,"Hotel Bookings
Corporate Travel",Hotel Bookings,,Send Enquiry,,Show Number
 Heavendays World Tours ,https://www.justdial.com/Bangalore/Heavendays-World-Tours-Near-Vaibhav-Theatre-Sanjay-Nagar/080PXX80-XX80-190718170140-X9C7_BZDET?ncatid=10966943&area=&search=%20International%20Travel%20Agents%20in%20Bangalore&mncatname=International%20Travel%20Agents&abd_btn=&abd_heading=,https://content.jdmagicbox.com/comp/bangalore/c7/080pxx80.xx80.190718170140.x9c7/catalogue/heavendays-world-tour-sanjay-nagar-bangalore-tour-packages-jn902j4x9q-250.jpg?clr=#062e60?w=3840&q=75,Trending,4.4,Rmv 2nd Stage Sanjay Nagar,23 Ratings,"Travel Agents
Tour Packages",Travel Agents,"I recently traveled with Travels, and I was thoroughly impressed with their service. The itinerary was well-planned, and the activities were unique and exciting. The acco...more",Send Enquiry, 505 people recently enquired,Show Number
 Smiley Trips ,https://www.justdial.com/Bangalore/Smiley-Trips-Oppossite-to-Indian-Bank-Banaswadi/080PXX80-XX80-220223115935-B7J1_BZDET?ncatid=10966943&area=&search=%20International%20Travel%20Agents%20in%20Bangalore&mncatname=International%20Travel%20Agents&abd_btn=&abd_heading=,https://content.jdmagicbox.com/comp/bangalore/j1/080pxx80.xx80.220223115935.b7j1/catalogue/smiley-trips-banaswadi-bangalore-travel-agents-7plc2phojy-250.jpg?w=3840&q=75,Trending,4.4,Nagar Main Road Banaswadi,31 Ratings,"Travel Agents
Tour Packages",Travel Agents,,Send Enquiry,,Show Number
 ALR AVIATIONS PVT LTD ,https://www.justdial.com/Bangalore/ALR-AVIATIONS-PVT-LTD-Bangalore-City/080PXX80-XX80-220803172739-U1C9_BZDET?ncatid=10966943&area=&search=%20International%20Travel%20Agents%20in%20Bangalore&mncatname=International%20Travel%20Agents&abd_btn=&abd_heading=,https://content.jdmagicbox.com/comp/def_content/air_ticketing_agents/default-air-ticketing-agents-1-250.jpg?clr=#3d2933?w=3840&q=75,,,Main Market Bangalore City,,"Travel Agents
Tour Packages",Travel Agents,,Send Enquiry,,Show Number
 N S B Mobile and Travel Solutions ,https://www.justdial.com/Bangalore/N-S-B-Mobile-and-Travel-Solutions-Below-Amrutha-Diagnostic-Center-Yelahanka/080PXX80-XX80-120828115613-D2Z6_BZDET?ncatid=10966943&area=&search=%20International%20Travel%20Agents%20in%20Bangalore&mncatname=International%20Travel%20Agents&abd_btn=&abd_heading=,https://content.jdmagicbox.com/comp/bangalore/z6/080pxx80.xx80.120828115613.d2z6/catalogue/shadow-travel-solution-yelahanka-bangalore-travel-agents-bd9ahw-250.jpg?w=3840&q=75,Trending,4.3,Maruthi Nagar Yelahanka,19 Ratings,"Hotel Bookings
Corporate Travel
Sight Seeing Planning
Provides Travel Insurance",Hotel Bookings,,Send Enquiry,,Show Number
 AGS Holidays ,https://www.justdial.com/Bangalore/AGS-Holidays-Opp-BET-Collage-Banaswadi/080PXX80-XX80-220811140905-R5J8_BZDET?ncatid=10966943&area=&search=%20International%20Travel%20Agents%20in%20Bangalore&mncatname=International%20Travel%20Agents&abd_btn=&abd_heading=,https://content.jdmagicbox.com/comp/def_content/air_ticketing_agents/default-air-ticketing-agents-7-250.jpg?clr=#414125?w=3840&q=75,,4.6,Banaswadi,15 Ratings,"Travel Agents
Tour Packages",Travel Agents,,Send Enquiry, 1 people recently enquired,Show Number
 Global Wings Tours India Pvt Ltd ,https://www.justdial.com/Bangalore/Global-Wings-Tours-India-Pvt-Ltd-Opposite-Sena-Vihar-Kammanahalli/080PXX80-XX80-140130122055-Q1A3_BZDET?ncatid=10966943&area=&search=%20International%20Travel%20Agents%20in%20Bangalore&mncatname=International%20Travel%20Agents&abd_btn=&abd_heading=,https://content.jdmagicbox.com/comp/bangalore/a3/080pxx80.xx80.140130122055.q1a3/catalogue/global-wings-tours-india-pvt-ltd-kammanahalli-bangalore-visa-assistance-for-australia-a9m3u6kmwz-250.jpg?clr=#2c3a2c?w=3840&q=75,,3.9,Main Road Kammanahalli,"1,747 Ratings","Corporate Travel
Provides Travel Insurance
School and College Trips Organizer",Corporate Travel,They are the best and quick service provider..Agent is very calm and helpful.. They provide Great service and very efficient  Reasonable priced.. All staff are mutlilingu...more,Send Enquiry,,Show Number
 Supreme Holidays ,https://www.justdial.com/Bangalore/Supreme-Holidays-Opposite-Sangeetha-Mobiles-Frazer-Town/080PXX80-XX80-141125152531-K1N2_BZDET?ncatid=10966943&area=&search=%20International%20Travel%20Agents%20in%20Bangalore&mncatname=International%20Travel%20Agents&abd_btn=&abd_heading=,https://content.jdmagicbox.com/comp/bangalore/n2/080pxx80.xx80.141125152531.k1n2/catalogue/supreme-holidays-bangalore-0zphcdbyuz-250.jpg?clr=#442222?w=3840&q=75,Trending,4.4,Mosque Road Frazer Town,45 Ratings,"Travel Agents
Tour Packages",Travel Agents,They provide good and efficient service.. we got the best of hotels and transport for almost 80 of us.. very good food and totally worth every penny. That are truly exper...more,Send Enquiry,,Show Number
 Deck Tours And Travels ,https://www.justdial.com/Bangalore/Deck-Tours-And-Travels-Near-to-Infosys-Electronic-City/080PXX80-XX80-150729181021-A6Y9_BZDET?ncatid=10966943&area=&search=%20International%20Travel%20Agents%20in%20Bangalore&mncatname=International%20Travel%20Agents&abd_btn=&abd_heading=,https://content.jdmagicbox.com/comp/def_content/air_ticketing_agents/default-air-ticketing-agents-5-250.jpg?w=3840&q=75,,4.6,Agrahara Electronic City,8 Ratings,"Travel Agents
Bus Ticketing Agents",Travel Agents,,Send Enquiry, 1 people recently enquired,Show Number
 Skyline Tours and Travels ,https://www.justdial.com/Bangalore/Skyline-Tours-and-Travels-Near-ACS-ENGINEERING-COLLEGE-Kengeri/080PXX80-XX80-221118115934-B9P7_BZDET?ncatid=10966943&area=&search=%20International%20Travel%20Agents%20in%20Bangalore&mncatname=International%20Travel%20Agents&abd_btn=&abd_heading=,https://content.jdmagicbox.com/comp/bangalore/p7/080pxx80.xx80.221118115934.b9p7/catalogue/skyline-tours-and-travels-kengeri-bangalore-travel-agents-l8vmwd4of4-250.jpg?w=3840&q=75,,3.5,K H Layout Kengeri,2 Ratings,"Travel Agents
Car Rental",Travel Agents,,Send Enquiry,,Show Number
 Sri Lakshmi Tours And Travels ,https://www.justdial.com/Bangalore/Sri-Lakshmi-Tours-And-Travels-Near-Bharath-Petrol-Bunk-Kothanur/080PXX80-XX80-150711105919-Q2M3_BZDET?ncatid=10966943&area=&search=%20International%20Travel%20Agents%20in%20Bangalore&mncatname=International%20Travel%20Agents&abd_btn=&abd_heading=,https://content.jdmagicbox.com/comp/bangalore/m3/080pxx80.xx80.150711105919.q2m3/catalogue/sri-lakshmi-tours-and-travels-kothanur-bangalore-travel-agents-2yjpgo1-250.jpg?w=3840&q=75,,5.0,Baglur Main Road Kothanur,1 Ratings,"Travel Agents
Car Rental",Travel Agents,,Send Enquiry,,Show Number
 Vagabondz Holidays ,https://www.justdial.com/Bangalore/Vagabondz-Holidays-Near-Brigade-Road-M-G-Road/080P1227608516F8T6C2_BZDET?ncatid=10966943&area=&search=%20International%20Travel%20Agents%20in%20Bangalore&mncatname=International%20Travel%20Agents&abd_btn=&abd_heading=,https://content.jdmagicbox.com/comp/bangalore/c2/080p1227608516f8t6c2/catalogue/vagabondz-holidays-m-g-road-bangalore-tour-packages-for-tirupati-9e3k4tc7uu-250.jpg?clr=#5727f?w=3840&q=75,,4.5,Profile Business M G Road,2 Ratings,"Travel Agents
Tour Packages",Travel Agents,"Found this app with for the good tour packaging and the Travel agents were more helpfull and kind enough explained about the good offers, and Guided the destination plans...more",Send Enquiry,,Show Number
 SPACEVISAS & ATTESTATIONS ,https://www.justdial.com/Bangalore/SPACEVISAS-ATTESTATIONS-Near-Coffee-Board-Park-Hebbal/080PXX80-XX80-220620181216-X1N1_BZDET?ncatid=10966943&area=&search=%20International%20Travel%20Agents%20in%20Bangalore&mncatname=International%20Travel%20Agents&abd_btn=&abd_heading=,https://content.jdmagicbox.com/comp/bangalore/n1/080pxx80.xx80.220620181216.x1n1/catalogue/spacevisas-and-attestations-hebbal-bangalore-hair-stylists-sxzrsl8oat-250.jpg?w=3840&q=75,Trending,4.9,Hebbal,18 Ratings,"Travel Agents
Tour Packages",Travel Agents,,Send Enquiry, 430 people recently enquired,Show Number
 Green Heaven Trips ,https://www.justdial.com/Bangalore/Green-Heaven-Trips-Rt-Nagar/080PXX80-XX80-190822120259-R7S6_BZDET?ncatid=10966943&area=&search=%20International%20Travel%20Agents%20in%20Bangalore&mncatname=International%20Travel%20Agents&abd_btn=&abd_heading=,https://content.jdmagicbox.com/comp/bangalore/s6/080pxx80.xx80.190822120259.r7s6/catalogue/green-heaven-trips-bellandur-bangalore-tour-packages-rw7imbgs6s-250.jpg?w=3840&q=75,Trending,5.0,Main CBI Road Rt Nagar,9 Ratings,"Travel Agents
Tour Packages",Travel Agents,,Send Enquiry, 0 people recently enquired,Show Number
 Holiday One ,https://www.justdial.com/Bangalore/Holiday-One-Near-SLV-Fast-Food-St-Johns-Road/080PXX80-XX80-090924131052-I6H3_BZDET?ncatid=10966943&area=&search=%20International%20Travel%20Agents%20in%20Bangalore&mncatname=International%20Travel%20Agents&abd_btn=&abd_heading=,https://content.jdmagicbox.com/comp/bangalore/h3/080pxx80.xx80.090924131052.i6h3/catalogue/holiday-one-st-johns-road-bangalore-tour-packages-2a18z4e-250.jpg?w=3840&q=75,,4.7,No.51 St Johns Road,7 Ratings,"Travel Agents
Online Passport Agents",Travel Agents,,Send Enquiry,,Show Number
 Airones Travel Solution Pvt Ltd ,https://www.justdial.com/Bangalore/Airones-Travel-Solution-Pvt-Ltd-Jayanagar/080PXX80-XX80-101027172712-Y2W5_BZDET?ncatid=10966943&area=&search=%20International%20Travel%20Agents%20in%20Bangalore&mncatname=International%20Travel%20Agents&abd_btn=&abd_heading=,https://content.jdmagicbox.com/comp/bangalore/w5/080pxx80.xx80.101027172712.y2w5/catalogue/airone-travel-solution-pvt-ltd-jayanagar-bangalore-visa-assistance-nmm3k0vgjl-250.jpg?clr=#3b4b1b?w=3840&q=75,,4.0,4th T Block Jayanagar,203 Ratings,Hotel Bookings,Hotel Bookings,"Airone Travel Solutions was a one stop destination for managing our recent trip. They handled all our travel arrangements including Air ticket booking, vehicle arrangemen...more",Send Enquiry,,Show Number
 Journey World Vacations Pvt Ltd ,https://www.justdial.com/Bangalore/Journey-World-Vacations-Pvt-Ltd-Opposite-Star-Bucks-Building-Shanthala-Nagar/080PXX80-XX80-100716131508-Q5R2_BZDET?ncatid=10966943&area=&search=%20International%20Travel%20Agents%20in%20Bangalore&mncatname=International%20Travel%20Agents&abd_btn=&abd_heading=,https://content.jdmagicbox.com/comp/bangalore/r2/080pxx80.xx80.100716131508.q5r2/catalogue/journey-world-vacations-pvt-limited-church-street-bangalore-travel-agents-3ckg5v4-250.jpg?w=3840&q=75,,4.0,HBC Building Shanthala Nagar,29 Ratings,"Travel Agents
Online Passport Agents",Travel Agents,,Send Enquiry,,Show Number
 Tarang Tours and Travels ,https://www.justdial.com/Bangalore/Tarang-Tours-and-Travels-Bommanahalli/080PXX80-XX80-200208144713-I4B9_BZDET?ncatid=10966943&area=&search=%20International%20Travel%20Agents%20in%20Bangalore&mncatname=International%20Travel%20Agents&abd_btn=&abd_heading=,https://content.jdmagicbox.com/comp/bangalore/b9/080pxx80.xx80.200208144713.i4b9/catalogue/tarang-tours-and-travels-bangalore-7e5jr7cnqe-250.jpg?clr=#523914?w=3840&q=75,,3.5,Bommanahalli,2 Ratings,"Travel Agents
International Travel Agents",Travel Agents,,Send Enquiry,,Show Number
 Richie Rich Holidays ,https://www.justdial.com/Bangalore/Richie-Rich-Holidays-Near-Rv-Dental-College-Jp-Nagar/080P4302828_BZDET?ncatid=10966943&area=&search=%20International%20Travel%20Agents%20in%20Bangalore&mncatname=International%20Travel%20Agents&abd_btn=&abd_heading=,https://content.jdmagicbox.com/comp/def_content/air_ticketing_agents/default-air-ticketing-agents-11-250.jpg?clr=#522914?w=3840&q=75,,4.7,LIC Row Houses Jp Nagar,183 Ratings,"Hotel Bookings
Corporate Travel
Sight Seeing Planning
Provides Travel Insurance",Hotel Bookings,,Send Enquiry,,Show Number
 Sadiq Tours International ,https://www.justdial.com/Bangalore/Sadiq-Tours-International-Near-Masjid-E-Sultana-HBR-Layout/080PXX80-XX80-220924173916-G4D7_BZDET?ncatid=10966943&area=&search=%20International%20Travel%20Agents%20in%20Bangalore&mncatname=International%20Travel%20Agents&abd_btn=&abd_heading=,https://content.jdmagicbox.com/comp/bangalore/d7/080pxx80.xx80.220924173916.g4d7/catalogue/sadiq-tours-international-hbr-layout-bangalore-travel-agents-l1cgvxm33m-250.jpg?clr=#4f4117?w=3840&q=75,,5.0,80feet Road HBR Layout,1 Ratings,"Travel Agents
Tour Packages",Travel Agents,,Send Enquiry,,Show Number
 Aditi International Tours and Travels ,https://www.justdial.com/Bangalore/Aditi-International-Tours-and-Travels-Near-Aditi-Mobiles-Yelahanka/080PXX80-XX80-100716171826-G6Y7_BZDET?ncatid=10966943&area=&search=%20International%20Travel%20Agents%20in%20Bangalore&mncatname=International%20Travel%20Agents&abd_btn=&abd_heading=,https://content.jdmagicbox.com/comp/bangalore/y7/080pxx80.xx80.100716171826.g6y7/catalogue/aditi-international-tours-and-travels-yelahanka-bangalore-international-travel-agents-4almftl-250.jpg?w=3840&q=75,,3.8,B B Road Yelahanka,79 Ratings,"Hotel Bookings
Corporate Travel
Sight Seeing Planning
Provides Travel Insurance",Hotel Bookings,,Send Enquiry,,Show Number
 Travel Zone ,https://www.justdial.com/Bangalore/Travel-Zone-Near-Big-Bazar-Bellandur/080PXX80-XX80-151007100107-Z6T6_BZDET?ncatid=10966943&area=&search=%20International%20Travel%20Agents%20in%20Bangalore&mncatname=International%20Travel%20Agents&abd_btn=&abd_heading=,https://content.jdmagicbox.com/comp/bangalore/t6/080pxx80.xx80.151007100107.z6t6/catalogue/travel-zone-bellandur-bangalore-travel-agents-363nmsg-t.jpeg?w=3840&q=75,,4.0,Sarjapura Main Road Bellandur,13 Ratings,"Travel Agents
Car Rental",Travel Agents,,Send Enquiry,,Show Number
 Spp Tours and Travels ,https://www.justdial.com/Bangalore/Spp-Tours-and-Travels-Near-Vivekananda-Statue-Nagarbhavi-2nd-Stage/080PXX80-XX80-110826120336-U8D5_BZDET?ncatid=10966943&area=&search=%20International%20Travel%20Agents%20in%20Bangalore&mncatname=International%20Travel%20Agents&abd_btn=&abd_heading=,https://content.jdmagicbox.com/comp/bangalore/e4/080pxx80.xx80.121124105907.b2e4/catalogue/spp-tours-and-travels-nagarbhavi-bangalore-travel-agents-3v822ee-250.jpg?w=3840&q=75,,3.7,Main Road Nagarbhavi 2nd Stage,20 Ratings,"Travel Agents
Car Rental",Travel Agents,,Send Enquiry,,Show Number
 D.B.Travels ,https://www.justdial.com/Bangalore/DBTravels-OppMangalore-PUCollege-Muneshwara-Nagar-Jnana-Ganga-Nagar/080PXX80-XX80-181004184022-U6C3_BZDET?ncatid=10966943&area=&search=%20International%20Travel%20Agents%20in%20Bangalore&mncatname=International%20Travel%20Agents&abd_btn=&abd_heading=,https://content.jdmagicbox.com/comp/bangalore/c3/080pxx80.xx80.181004184022.u6c3/catalogue/d-b-travels-jnana-jyothi-nagar-jnana-bharathi-bangalore-1ecgaqzfgh-250.jpg?clr=#392d39?w=3840&q=75,,3.8,Muneshwara Nagar-Jnana Ganga Nagar,22 Ratings,"Travel Agents
Bus Ticketing Agents",Travel Agents,,Send Enquiry,,Show Number
 Travelife ,https://www.justdial.com/Bangalore/Travelife-Jayanagar-4th-Block/080P1235638977U5G1H5_BZDET?ncatid=10966943&area=&search=%20International%20Travel%20Agents%20in%20Bangalore&mncatname=International%20Travel%20Agents&abd_btn=&abd_heading=,https://content.jdmagicbox.com/comp/bangalore/h5/080p1235638977u5g1h5/catalogue/travelife-jayanagar-4th-block-bangalore-travel-agents-47ab45r-250.jpg?w=3840&q=75,,4.9,11th Main Jayanagar 4th Block,135 Ratings,"Travel Agents
Tour Packages",Travel Agents,,Send Enquiry,,Show Number
 Ascon Travel Pvt Ltd ,https://www.justdial.com/Bangalore/Ascon-Travel-Pvt-Ltd-Next-Dominos-Pizza-Frazer-Town/080PNE01985_BZDET?ncatid=10966943&area=&search=%20International%20Travel%20Agents%20in%20Bangalore&mncatname=International%20Travel%20Agents&abd_btn=&abd_heading=,https://content.jdmagicbox.com/comp/bangalore/85/080pne01985/catalogue/ascon-travel-pvt-ltd-frazer-town-bangalore-international-tour-operators-1w3xw6t-250.jpg?w=3840&q=75,,3.8,Coles Road Frazer Town,104 Ratings,"Travel Agents
Tour Packages",Travel Agents,,Send Enquiry,,Show Number
 Rohan Enterprises ,https://www.justdial.com/Bangalore/Rohan-Enterprises-Near-Brand-Factory-Wilson-Garden/080PXX80-XX80-130822123127-E1G2_BZDET?ncatid=10966943&area=&search=%20International%20Travel%20Agents%20in%20Bangalore&mncatname=International%20Travel%20Agents&abd_btn=&abd_heading=,https://content.jdmagicbox.com/comp/bangalore/g2/080pxx80.xx80.130822123127.e1g2/catalogue/rohan-enterprises-wilson-garden-bangalore-travel-agents-i1lbja-250.jpg?w=3840&q=75,,4.3,13th Cross Wilson Garden,34 Ratings,"Travel Agents
Tour Packages",Travel Agents,,Send Enquiry,,Show Number
 Cox & Kings Ltd ,https://www.justdial.com/Bangalore/Cox-Kings-Ltd-Next-Kalanjali-Showroom-Malleswaram/080PXX80-XX80-131112090847-Q6G5_BZDET?ncatid=10966943&area=&search=%20International%20Travel%20Agents%20in%20Bangalore&mncatname=International%20Travel%20Agents&abd_btn=&abd_heading=,https://content.jdmagicbox.com/comp/bangalore/g5/080pxx80.xx80.131112090847.q6g5/catalogue/cox-and-kings-ltd-malleswaram-bangalore-tour-operators-92eonjttir-250.jpg?clr=#006600?w=3840&q=75,,3.7,Malleswaram,451 Ratings,"Travel Agents
Foreign Exchange Agents",Travel Agents,,Send Enquiry,,Show Number
 Hasna Travels ,https://www.justdial.com/Bangalore/Hasna-Travels-Dominas-Left-Side-Nagawara/080PXX80-XX80-220129153425-L2L6_BZDET?ncatid=10966943&area=&search=%20International%20Travel%20Agents%20in%20Bangalore&mncatname=International%20Travel%20Agents&abd_btn=&abd_heading=,https://content.jdmagicbox.com/comp/bangalore/l6/080pxx80.xx80.220129153425.l2l6/catalogue/-hlm8h2f5t0-250.jpg?clr=#394422?w=3840&q=75,,5.0,Nagawara,1 Ratings,"Travel Agents
Car Rental",Travel Agents,,Send Enquiry,,Show Number
 Globewel Holidays ,https://www.justdial.com/Bangalore/Globewel-Holidays-Opposite-Indian-Oil-Petrol-Bunk-Behind-Image-Diagnostic-Nagawara/080PXX80-XX80-121115172019-B6I4_BZDET?ncatid=10966943&area=&search=%20International%20Travel%20Agents%20in%20Bangalore&mncatname=International%20Travel%20Agents&abd_btn=&abd_heading=,https://content.jdmagicbox.com/comp/bangalore/i4/080pxx80.xx80.121115172019.b6i4/catalogue/globewel-holidays-r-t-nagar-bangalore-international-tour-packages-0jihudrv90-250.jpg?w=3840&q=75,,4.5,Block Nagwara Junction Nagawara,104 Ratings,"Travel Agents
Tour Packages",Travel Agents,Our family tour to Dubai booked with Globewel Holidays was excellent. Good spots were selected and package charges were comparatively good. Travel East or West Globewel H...more,Send Enquiry,,Show Number
 Emerald Holidays ,https://www.justdial.com/Bangalore/Emerald-Holidays-Near-Bysham-Circle-Rajajinagar/080PXX80-XX80-150423140938-F8K5_BZDET?ncatid=10966943&area=&search=%20International%20Travel%20Agents%20in%20Bangalore&mncatname=International%20Travel%20Agents&abd_btn=&abd_heading=,https://content.jdmagicbox.com/comp/bangalore/k5/080pxx80.xx80.150423140938.f8k5/catalogue/emerald-holidays-rajajinagar-bangalore-tour-package-for-disneyland-4kj2kqh-250.jpg?w=3840&q=75,,4.0,59th Cross Rajajinagar,20 Ratings,"Travel Agents
Tour Packages",Travel Agents,,Send Enquiry,,Show Number
 My Trip Holidays ,https://www.justdial.com/Bangalore/My-Trip-Holidays-Opp-to-Rbi-Water-Tank-Jp-Nagar-7th-Phase/080PXX80-XX80-131111123722-U5Z2_BZDET?ncatid=10966943&area=&search=%20International%20Travel%20Agents%20in%20Bangalore&mncatname=International%20Travel%20Agents&abd_btn=&abd_heading=,https://content.jdmagicbox.com/comp/bangalore/z2/080pxx80.xx80.131111123722.u5z2/catalogue/-8qvoirams4-250.jpg?w=3840&q=75,Trending,4.7,Sri Jp Nagar 7th Phase,73 Ratings,"Travel Agents
Car Rental For Outstation",Travel Agents,,Send Enquiry,,Show Number
 Aishwarya holidays consultant ,https://www.justdial.com/Bangalore/Aishwarya-holidays-consultant-Opposite-to-Nethradama-Hospital-Jayanagar-7th-Block/080PXX80-XX80-181207135051-Y7P4_BZDET?ncatid=10966943&area=&search=%20International%20Travel%20Agents%20in%20Bangalore&mncatname=International%20Travel%20Agents&abd_btn=&abd_heading=,https://content.jdmagicbox.com/comp/bangalore/p4/080pxx80.xx80.181207135051.y7p4/catalogue/aishwarya-holidays-consultant-bangalore-m51vratj3x-250.jpg?w=3840&q=75,,5.0,10th Cross Jayanagar 7th Block,2 Ratings,"Travel Agents
Bus Ticketing Agents",Travel Agents,"It was a wonderful experience, Well organized trip and the co-ordination between the event organizers and travel agents was excellent. Good Hospitality. Planning for a va...more",Send Enquiry,,Show Number
 Maxworth Tours And Travels ,https://www.justdial.com/Bangalore/Maxworth-Tours-And-Travels-Opposite-Padmashree-Presidency-Jp-Nagar/080PXX80-XX80-111008152838-E1Y3_BZDET?ncatid=10966943&area=&search=%20International%20Travel%20Agents%20in%20Bangalore&mncatname=International%20Travel%20Agents&abd_btn=&abd_heading=,https://content.jdmagicbox.com/comp/bangalore/y3/080pxx80.xx80.111008152838.e1y3/catalogue/maxworth-tours-and-travels-jp-nagar-bangalore-travel-agents-0mo4ounsjr-250.jpg?w=3840&q=75,,3.7,5th Phase Jp Nagar,77 Ratings,"Travel Agents
Tour Packages For Tirupati",Travel Agents,"Today, March 24th at 10:45 PM i called Maxworth, they told me they don't facilitate TAXI service but they provided me the contacts of Taxi... You might think whats specia...more",Send Enquiry,,Show Number
 Silver Wing Tours And Travels ,https://www.justdial.com/Bangalore/Silver-Wing-Tours-And-Travels-Next-to-Anand-Sweets-Frazer-Town/080PXX80-XX80-131006144554-C2P5_BZDET?ncatid=10966943&area=&search=%20International%20Travel%20Agents%20in%20Bangalore&mncatname=International%20Travel%20Agents&abd_btn=&abd_heading=,https://content.jdmagicbox.com/comp/bangalore/p5/080pxx80.xx80.131006144554.c2p5/catalogue/silver-wing-tours-and-travels-frazer-town-bangalore-travel-agents-2d4bf3z-250.jpg?w=3840&q=75,Trending,4.2,M M Road Frazer Town,30 Ratings,"Travel Agents
Railway Ticketing Agents",Travel Agents,,Send Enquiry,,Show Number
 Kanishka World Tours ,https://www.justdial.com/Bangalore/Kanishka-World-Tours-Near-Jayanagar-Police-Station-Jayanagar-4th-Block-East/080PXX80-XX80-150624144456-G8R6_BZDET?ncatid=10966943&area=&search=%20International%20Travel%20Agents%20in%20Bangalore&mncatname=International%20Travel%20Agents&abd_btn=&abd_heading=,https://content.jdmagicbox.com/comp/bangalore/r6/080pxx80.xx80.150624144456.g8r6/catalogue/kanishka-world-tours-jayanagar-4th-block-east-bangalore-tour-operators-1xpd8xf-250.jpg?w=3840&q=75,,3.6,Cross Jayanagar 4th Block East,9 Ratings,"Travel Agents
Tour Packages For Tirupati",Travel Agents,,Send Enquiry,,Show Number
 Sbr Travels ,https://www.justdial.com/Bangalore/Sbr-Travels-Near-Tata-Nagar-Circle-Kodigehalli/080PXX80-XX80-151208134442-U1D3_BZDET?ncatid=10966943&area=&search=%20International%20Travel%20Agents%20in%20Bangalore&mncatname=International%20Travel%20Agents&abd_btn=&abd_heading=,https://content.jdmagicbox.com/comp/bangalore/d3/080pxx80.xx80.151208134442.u1d3/catalogue/sbr-travels-bangalore-3640380uy2-250.jpg?clr=#f4957?w=3840&q=75,Trending,4.4,Main Road Kodigehalli,14 Ratings,Pickup and Drop Facility,Pickup and Drop Facility,,Send Enquiry,,Show Number
 Sri Byraveshwara Tours And Travels ,https://www.justdial.com/Bangalore/Sri-Byraveshwara-Tours-And-Travels-Opposite-Poorvika-Mobiles-Kamakshipalya/080PXX80-XX80-200104152703-E4C5_BZDET?ncatid=10966943&area=&search=%20International%20Travel%20Agents%20in%20Bangalore&mncatname=International%20Travel%20Agents&abd_btn=&abd_heading=,https://content.jdmagicbox.com/comp/bangalore/c5/080pxx80.xx80.200104152703.e4c5/catalogue/sri-bhyraveshwara-tours-and-travels-bangalore-0ht5d6gjws-250.jpg?clr=#522914?w=3840&q=75,,4.3,Magadi Main Road Kamakshipalya,26 Ratings,"Travel Agents
Car Rental",Travel Agents,,Send Enquiry,,Show Number
 Snap Tours ,https://www.justdial.com/Bangalore/Snap-Tours-Above-Imperial-Restaurant-Cunningham-Road/080PXX80-XX80-140917172555-J4V7_BZDET?ncatid=10966943&area=&search=%20International%20Travel%20Agents%20in%20Bangalore&mncatname=International%20Travel%20Agents&abd_btn=&abd_heading=,https://content.jdmagicbox.com/comp/def_content_category/tour-packages-for-america/glacier-national-park-tour-packages-for-america-1-bzbxi-250.jpg?w=3840&q=75,,4.2,Millers Road Cunningham Road,17 Ratings,"Travel Agents
Tour Packages",Travel Agents,,Send Enquiry,,Show Number
